{
  "run_tag": "20260215_171348",
  "ticker": "LRCX",
  "selected_plateaus": [],
  "best_pixel": {
    "trix_p": 11,
    "wma_p": 24,
    "shift": 5,
    "cagr": 0.07690739703983263,
    "alpha_cagr": -0.10692284259454832
  },
  "bh_metrics": {
    "total_return": 28.0711316897471,
    "cagr": 0.18383023963438094,
    "ann_vol": 0.40708185415722653,
    "sharpe": 0.4515805304438367,
    "max_dd": -0.7499166668848978,
    "calmar": 0.2451342232437627,
    "n_trades": 1,
    "win_rate": 1.0,
    "avg_trade_ret": 28.0711316897471,
    "exposure": 1.0
  },
  "oos_summary": {
    "n_windows": 28,
    "median_oos_cagr": 0.0,
    "median_oos_sharpe": 0.0,
    "frac_beats_bh": 0.21428571428571427
  },
  "mc_summary": {
    "cagr": {
      "median": 0.07650012768780834,
      "p5": 0.07151817205048204,
      "p25": 0.07608586681253626,
      "p75": 0.07697576406379852,
      "p95": 0.07733279043858796,
      "mean": 0.07491159535394555,
      "std": 0.007456886493511459
    },
    "sharpe": {
      "median": 0.5078565823628836,
      "p5": 0.4911499672699187,
      "p25": 0.5064651304138388,
      "p75": 0.5215688464268784,
      "p95": 0.5227971022148198,
      "mean": 0.5082296522821941,
      "std": 0.026648925689962143
    },
    "max_dd": {
      "median": -0.11603629391201808,
      "p5": -0.1285423434567079,
      "p25": -0.12639144447243747,
      "p75": -0.11603629391201782,
      "p95": -0.11603629391201763,
      "mean": -0.12096761994325402,
      "std": 0.005405562640424149
    },
    "total_return": {
      "median": 3.357780922693164,
      "p5": 2.972270062748737,
      "p25": 3.3244167004859406,
      "p75": 3.3963898149638965,
      "p95": 3.4255840222941467,
      "mean": 3.262947126916916,
      "std": 0.435219031382494
    },
    "n_trades": {
      "median": 5.0,
      "p5": 4.0,
      "p25": 5.0,
      "p75": 5.0,
      "p95": 5.0,
      "mean": 4.882,
      "std": 0.3410404920745778
    },
    "prob_underperform_bh": 1.0
  },
  "verdict": "NO-GO"
}